,pM,pML_1,pML_2,pML_3,pML_4,pUL_1,pUL_2,pUL_3,pUL_4,llh
0,0.6991384950874053,0.7895520489867401,0.09427180910803941,0.812430901960912,0.3382094675078677,0.2304103167135653,0.3504397451883031,0.2561549925249941,0.29588985169185417,-15.322537770737764
1,0.2888789133480284,0.7801781965537589,0.400499928515952,0.5748008475549468,0.8493714951097567,0.2297294973685508,0.3427559472161423,0.263845699618755,0.3737183790026173,-15.395498026317263
